Title,Date
"Better Call Saul: Season 6: Axe and Grind","6/19/22"
"Better Call Saul: Season 6: Black and Blue","6/19/22"
"Better Call Saul: Season 6: Rock and Hard Place","6/19/22"
"The Walking Dead: Season 3: Seed","5/21/22"
"Better Call Saul: Season 6: Carrot and Stick","5/21/22"
"Better Call Saul: Season 6: Wine and Roses","5/21/22"
"Better Call Saul: Season 5: Something Unforgivable","4/24/22"
"Return to Space","4/24/22"
"We Are the Champions: Cheese Rolling","1/22/22"
"100 Humans: Can You Trust Your Senses?","1/10/22"
"Rick and Morty: Season 4: Rattlestar Ricklactica","1/10/22"
"Rick and Morty: Season 4: Claw and Hoarder: Special Ricktim’s Morty","1/10/22"
"Rick and Morty: Season 4: One Crew over the Crewcoo’s Morty","1/10/22"
"Rick and Morty: Season 4: The Old Man and the Seat","1/10/22"
"Rick and Morty: Season 4: Edge of Tomorty: Rick Die Rickpeat","1/10/22"
"Rick and Morty: Season 4: Never Ricking Morty","12/31/21"
"Countdown: Inspiration4 Mission to Space: Limited Series: Episode 1","12/30/21"
"Broken: Makeup Mayhem","12/26/21"
"High Score: Limited Series: Boom & Bust","12/26/21"
"The Billion Dollar Code: Limited Series: Episode 1","12/26/21"
"The Mind, Explained: Season 2: How to Focus","12/26/21"
"Spycraft: High-Tech Surveillance and an Eye in the Sky","12/25/21"
"100 Humans: The Best Age to Be Alive","12/24/21"
"100 Humans: What Makes Us Attractive?","12/24/21"
"Animal: Season 1: Big Cats","12/9/21"
"Fantastic Fungi","9/20/21"
"Life in Color with David Attenborough: Seeing in Color","4/24/21"
"The Great Hack","4/24/21"
"Coded Bias","4/24/21"
"David Attenborough: A Life on Our Planet","11/14/20"
"Taco Chronicles: Volume 2: Suadero","11/14/20"
"The Universe: Mars: The Red Planet","11/14/20"
"Love, Guaranteed","9/6/20"
"Night on Earth: Limited Series: Dusk Till Dawn","6/12/20"
"I'm No Longer Here","6/6/20"
"The Midnight Gospel: Officers and Wolves","5/16/20"
"The Midnight Gospel: Annihilation of Joy","5/16/20"
"The Midnight Gospel: Taste of the King","5/16/20"
"The Universe: Secrets of the Sun","5/16/20"
"Night on Earth: Limited Series: Sleepless Cities","5/16/20"
"Our Planet - Behind The Scenes","5/1/20"
"Night on Earth: Limited Series: Dark Seas","4/30/20"
"Night on Earth: Limited Series: Jungle Nights","4/30/20"
"Night on Earth: Limited Series: Frozen Nights","4/30/20"
"Night on Earth: Limited Series: Moonlit Plains","4/30/20"
"Better Call Saul: Season 5: Bad Choice Road","4/18/20"
"Better Call Saul: Season 5: Bagman","4/11/20"
"Better Call Saul: Season 5: JMM","4/11/20"
"Better Call Saul: Season 5: Wexler v. Goodman","4/3/20"
"Better Call Saul: Season 5: Dedicado a Max","4/3/20"
"Better Call Saul: Season 5: Namaste","3/28/20"
"Better Call Saul: Season 5: The Guy for This","3/28/20"
"Better Call Saul: Season 5: 50% Off","3/28/20"
"Better Call Saul: Season 5: Magic Man","3/22/20"
"Better Call Saul: Season 4: Winner","2/9/20"
"The Man Who Knew Infinity","1/30/20"
"Our Planet: Season 1: Forests","12/23/19"
"Our Planet: Season 1: Coastal Seas","12/23/19"
"Our Planet: Season 1: One Planet","12/23/19"
"Explained: Season 1: Astrology","12/22/19"
"Explained: Season 1: The Female Orgasm","12/21/19"
"Explained: Season 1: Why Diets Fail","12/21/19"
"Explained: Season 2: Coding","12/21/19"
"Explained: Season 2: Beauty","12/21/19"
"Explained: Season 2: Diamonds","12/21/19"
"Narcoworld: Dope Stories: Greed Is a Deadly Sin","12/21/19"
"Hot Girls Wanted","12/18/19"
"Don't F**k with Cats: Hunting an Internet Killer: Limited Series: Closing the Net","12/18/19"
"Don't F**k with Cats: Hunting an Internet Killer: Limited Series: Cat and Mouse","12/18/19"
"Don't F**k with Cats: Hunting an Internet Killer: Limited Series: Killing for Clicks","12/18/19"
"Narcoworld: Dope Stories: It's Kill or Be Killed","11/26/19"
"Requiem for a Dream","11/26/19"
"Breaking Bad: Season 4: Shotgun","11/24/19"
"Breaking Bad: Season 4: Bullet Points","11/24/19"
"Breaking Bad: Season 4: Open House","11/24/19"
"Inside the Real Narcos: Peru","11/8/19"
"Inside the Real Narcos: Colombia","11/8/19"
"Inside the Real Narcos: Mexico","11/8/19"
"Good Will Hunting","11/8/19"
"Inside Bill's Brain: Decoding Bill Gates: Limited Series: Part 1","10/5/19"
"Our Planet: Season 1: Fresh Water","8/30/19"
"Travis Scott: Look Mom I Can Fly","8/30/19"
"Trump: An American Dream: Citizen Trump","8/16/19"
"Cable Girls: Season 1: Chapter 1: Dreams","8/16/19"
"The Secret","7/28/19"
"NOVA: Prediction by the Numbers","7/25/19"
"The Search for Life in Space","7/14/19"
"Our Planet: Season 1: The High Seas","6/28/19"
"Unacknowledged","6/21/19"
"FYRE: The Greatest Party That Never Happened","6/21/19"
"Saving Capitalism","6/21/19"
"Billions: Season 1: Naming Rights","6/21/19"
"Our Planet: Season 1: From Deserts to Grasslands","6/8/19"
"Our Planet: Season 1: Jungles","6/8/19"
"Our Planet: Season 1: Frozen Worlds","6/8/19"
"The Code: Predicting the Future","6/6/19"
"The Code: Nature's Building Blocks","6/6/19"
"The Code: Magic Number","6/6/19"
"Breaking Bad: Season 4: Thirty-Eight Snub","5/31/19"
"Breaking Bad: Season 4: Box Cutter","5/31/19"
"Minimalism: A Documentary About the Important Things","5/16/19"
"Now You See Me","5/16/19"
"Breaking Bad: Season 3: Full Measure","5/4/19"
"Breaking Bad: Season 3: Half Measures","5/4/19"
"Breaking Bad: Season 3: Mas","4/10/19"
"NOVA: Inside Einstein's Mind","3/10/19"
"ROMA","2/26/19"
"Breaking Bad: Season 3: Green Light","2/15/19"
"Breaking Bad: Season 3: I.F.T.","2/14/19"
"Breaking Bad: Season 3: Caballo Sin Nombre","2/14/19"
"Breaking Bad: Season 3: No Más","2/9/19"
"Breaking Bad: Season 2: ABQ","2/9/19"
"One Strange Rock: Gasp","2/9/19"
"Breaking Bad: Season 2: Phoenix","2/3/19"
"Breaking Bad: Season 2: Mandala","2/3/19"
"Breaking Bad: Season 2: Over","2/3/19"
"Breaking Bad: Season 2: 4 Days Out","1/25/19"
"Breaking Bad: Season 2: Better Call Saul","1/18/19"
"Breaking Bad: Season 2: Negro y Azul","1/18/19"
"Rick and Morty: Season 3: The Rickchurian Mortydate","1/14/19"
"Rick and Morty: Season 3: The ABC's of Beth","1/13/19"
"Rick and Morty: Season 3: Morty's Mind Blowers","1/13/19"
"Steve Jobs: The Man in the Machine","1/13/19"
"Dirty Money: Season 1: Hard NOx","1/13/19"
"Dirty Money: Season 1: The Confidence Man","1/12/19"
"Dirty Money: Season 1: The Maple Syrup Heist","1/10/19"
"Dirty Money: Season 1: Cartel Bank","1/10/19"
"Dirty Money: Season 1: Drug Short","1/10/19"
"Dirty Money: Season 1: Payday","1/9/19"
"Lo and Behold: Reveries of the Connected World","1/7/19"
"Rick and Morty: Season 3: The Ricklantis Mixup","1/7/19"
"Betting on Zero","12/30/18"
"Rick and Morty: Season 3: Rest and Ricklaxation","12/18/18"
"Rick and Morty: Season 3: The Whirly Dirly Conspiracy","12/18/18"
"Rick and Morty: Season 3: Vindicators 3:  The Return of Worldender","12/18/18"
"Rick and Morty: Season 3: Pickle Rick","12/18/18"
"Rick and Morty: Season 3: Rickmancing the Stone","12/18/18"
"Rick and Morty: Season 3: The Rickshank Rickdemption","12/4/18"
"Rick and Morty: Season 1: Lawnmower Dog","12/4/18"
"Explained: Season 1: Weed","11/24/18"
"Explained: Season 1: The Stock Market","11/24/18"
"Explained: Season 1: Cryptocurrency","11/24/18"
"Explained: Season 1: Music","11/24/18"
"Breaking Bad: Season 2: Peekaboo","11/11/18"
"Breaking Bad: Season 2: Breakage","11/11/18"
"Chasing Coral","11/9/18"
"Jago: A Life Underwater","11/9/18"
"Better Call Saul: Season 4: Wiedersehen","11/2/18"
"Better Call Saul: Season 4: Coushatta","10/28/18"
"Better Call Saul: Season 4: Something Stupid","10/28/18"
"Better Call Saul: Season 4: Piñata","10/28/18"
"Better Call Saul: Season 4: Quite a Ride","10/23/18"
"Shutter Island","10/7/18"
"Breaking Bad: Season 2: Down","10/3/18"
"Breaking Bad: Season 2: Bit by a Dead Bee","9/23/18"
"Breaking Bad: Season 2: Grilled","9/21/18"
"Breaking Bad: Season 2: Seven Thirty-Seven","9/21/18"
"Better Call Saul: Season 4: Talk","9/16/18"
"Better Call Saul: Season 4: Something Beautiful","9/16/18"
"Better Call Saul: Season 4: Breathe","9/14/18"
"Breaking Bad: Season 1: A No-Rough-Stuff-Type Deal","9/8/18"
"Breaking Bad: Season 1: Crazy Handful of Nothin'","9/8/18"
"Breaking Bad: Season 1: Gray Matter","9/8/18"
"Better Call Saul: Season 4: Smoke","9/8/18"
"Breaking Bad: Season 1: Cancer Man","8/29/18"
"Breaking Bad: Season 1: And the Bag's in the River","8/26/18"
"Breaking Bad: Season 1: The Cat's in the Bag","8/25/18"
"Tales by Light: Season 1: Wild","8/18/18"
"Tales by Light: Season 1: Adrenaline","8/18/18"
"Tales by Light: Season 1: Himalaya","8/18/18"
"Tales by Light: Season 1: Submerged","8/17/18"
"Orange Is the New Black: Season 5: Storm-y Weather","8/17/18"
"Orange Is the New Black: Season 5: Tattoo You","8/17/18"
"Breaking Bad: Season 1: Pilot","8/12/18"
"Dark Net: Provoke","7/26/18"
"Dark Net: Trapped","7/25/18"
"Dark Net: CTRL","7/25/18"
"Dark Net: Exploit","7/25/18"
"Dark Net: Upgrade","7/23/18"
"Dark Net: Crush","7/23/18"
"Dark Net: Season 2: Episode 1","7/23/18"
"Dark Net: Rewire","7/23/18"
"72 Dangerous Animals: Latin America: Deathly Bite","7/12/18"
"72 Dangerous Animals: Latin America: Jungle Jeopardy","7/12/18"
"Trump: An American Dream: Politics","7/12/18"
"Inside the World’s Toughest Prisons: Season 2: Brazil: The Gang Prison","7/11/18"
"Rotten: Season 1: The Peanut Problem","7/10/18"
"Rotten: Season 1: Lawyers, Guns & Honey","7/10/18"
"Trump: An American Dream: The Gambler","5/12/18"
"Trump: An American Dream: Manhattan","4/28/18"
"The Nice Guys","4/14/18"
"Year One","4/8/18"
"Jackass Presents: Bad Grandpa","4/8/18"
"Grown Ups 2","4/8/18"
"Rick and Morty: Season 1: Pilot","4/7/18"
"The Dictator","4/6/18"
"Moving Art: Season 1: Flowers","3/28/18"
"Moving Art: Season 1: Oceans","3/28/18"
"Take Your Pills","3/25/18"
"Friends: Season 5: The One with Rachel's Inadvertent Kiss","3/25/18"
"Friends: Season 5: The One with the Cop","3/25/18"
"Friends: Season 5: The One with the Girl Who Hits Joey","3/25/18"
"Friends: Season 5: The One Where Everybody Finds Out","3/25/18"
"Friends: Season 5: The One with Joey's Bag","3/25/18"
"Friends: Season 5: The One with Chandler's Work Laugh","3/25/18"
"Friends: Season 2: The One Where Eddie Moves In","3/25/18"
"Friends: Season 2: The One Where Joey Moves Out","1/27/18"
"Friends: Season 2: The One Where Ross and Rachel...You Know","1/27/18"
"Friends: Season 2: The One with the Prom Video","1/26/18"
"Friends: Season 2: The One After the Super Bowl: Part 2","1/26/18"
"Friends: Season 2: The One After the Super Bowl: Part 1","1/26/18"
"Friends: Season 2: The One with the Lesbian Wedding","1/25/18"
"Friends: Season 2: The One with Russ","1/24/18"
"Friends: Season 2: The One with Phoebe's Dad","1/24/18"
"Friends: Season 2: The One with the List","1/24/18"
"Friends: Season 2: The One Where Ross Finds Out","1/23/18"
"Deep Web","1/21/18"
"Inside Job","12/14/17"
"Banking on Bitcoin","12/14/17"
"Adventure Time: Season 4: Who Would Win","12/12/17"
"Adventure Time: Season 4: You Made Me","12/12/17"
"Colombia: Wild Magic","11/3/17"
"Grey's Anatomy: Season 13: True Colors","10/17/17"
"Super High Me","10/15/17"
"Stranger Things: Chapter One: The Vanishing of Will Byers","10/14/17"
"Grey's Anatomy: Season 13: Leave it Inside","10/14/17"
"Grey's Anatomy: Season 13: Be Still, My Soul","9/23/17"
"Grey's Anatomy: Season 13: Til I Hear it From You","9/23/17"
"Grey's Anatomy: Season 13: Who Is He (And What Is He to You?)","9/23/17"
"Grey's Anatomy: Season 13: Civil War","9/23/17"
"The Invisible Guest","9/22/17"
"Grey's Anatomy: Season 13: Back Where You Belong","9/22/17"
"Grey's Anatomy: Season 13: It Only Gets Much Worse","9/22/17"
"SpongeBob SquarePants: Season 7: Growth Spout / Stuck in the Wringer","9/21/17"
"Limitless","9/21/17"
"Doc McStuffins: Season 3: Itty Bitty Bess Takes Flight / Boxed In","9/21/17"
"Billions: Season 1: Pilot","9/21/17"
"Secret Amazon: The Tentacles of Drug Trafficking","9/21/17"
"PAW Patrol: Season 1: Pups Save the Sea Turtles / Pups and the Very Big Baby","9/16/17"
"PAW Patrol: Season 1: Pups Make a Splash / Pups Fall Festival","9/16/17"
"PAW Patrol: Season 1: Pups Save a School Day / Pups Turn on the Lights","9/16/17"
"The Hunt: Hide and Seek","9/16/17"
"The Hunt: In the Grip of the Seasons","9/16/17"
"Grey's Anatomy: Season 13: Both Sides Now","9/16/17"
"Grey's Anatomy: Season 13: Falling Slowly","9/16/17"
"Grey's Anatomy: The First Cut Is the Deepest","9/16/17"
"After Porn Ends","9/10/17"
"Into the Inferno","9/10/17"
"Better Call Saul: Season 3: Lantern","9/7/17"
"Better Call Saul: Season 3: Fall","9/3/17"
"Better Call Saul: Season 3: Slip","9/3/17"
"Better Call Saul: Season 3: Expenses","9/3/17"
"Better Call Saul: Season 3: Off Brand","9/3/17"
"Death Note","9/3/17"
"Grey's Anatomy: A Hard Day's Night","8/17/17"
"Cosmos: A Spacetime Odyssey: Some of the Things That Molecules Do","8/17/17"
"Bates Motel: Season 4: Norman","8/17/17"
"Bates Motel: Season 4: Forever","8/17/17"
"Bates Motel: First You Dream, Then You Die","8/17/17"
"Wild China: Tibet","7/14/17"
"Wild China: Shangri-La","6/17/17"
"Hacksaw Ridge","6/9/17"
"Moonlight","6/9/17"
"Orange Is the New Black: Season 5: Riot FOMO","6/9/17"
"Orange Is the New Black: Season 4: Work That Body for Me","6/9/17"
"Better Call Saul: Season 3: Chicanery","5/27/17"
"Made in France","5/27/17"
"Secret Amazon: The Cocaine Valley","5/14/17"
"Better Call Saul: Season 3: Sabrosito","5/11/17"
"Wild China: Heart of the Dragon","5/1/17"
"Better Call Saul: Season 3: Sunk Costs","5/1/17"
"Ignition: 2017 Acura NSX: The Slowest Supercar in the World? & 2016 McLaren 570S: Supercar Speed with Sports Car Fun!","4/14/17"
"Brain Games: Season 2: Power of Persuasion","4/13/17"
"The Hunt: The Hardest Challenge","4/13/17"
"DMT: The Spirit Molecule","4/13/17"
"Planet Earth: Fresh Water","4/10/17"
"Planet Earth: Mountains","4/10/17"
"White Fang","4/4/17"
"Orange Is the New Black: Season 3: Trust No Bitch","3/2/17"
"Orange Is the New Black: Season 3: Mother's Day","3/2/17"
"Orange Is the New Black: Season 2: We Have Manners. We're Polite.","3/2/17"
"Orange Is the New Black: Season 1: Bora Bora Bora","3/2/17"
"Orange Is the New Black: Season 1: F*cksgiving","3/2/17"
"Orange Is the New Black: Season 1: Moscow Mule","3/2/17"
"Orange Is the New Black: Season 1: Blood Donut","3/2/17"
"Orange Is the New Black: Season 1: WAC Pack","3/2/17"
"Orange Is the New Black: Season 1: The Chickening","3/2/17"
"Orange Is the New Black: Season 1: Imaginary Enemies","3/2/17"
"Orange Is the New Black: Season 1: Lesbian Request Denied","3/2/17"
"Orange Is the New Black: Season 1: Tit Punch","3/2/17"
"Orange Is the New Black: Season 1: I Wasn't Ready","3/2/17"
"Lone Survivor","2/11/17"
"Planet Earth: Ice Worlds","2/11/17"
"Planet Earth: Deserts","2/11/17"
"Adventure Time: Season 4: Lady & Peebles","2/5/17"
"The Siege of Jadotville","2/4/17"
"Planet Earth: Caves","2/3/17"
"Planet Earth: From Pole to Pole","2/1/17"
"Family Guy: Season 13: Stewie, Chris & Brian's Excellent Adventure","1/27/17"
"Adventure Time: Season 4: King Worm","1/25/17"
"Adventure Time: Season 4: BMO Noire","1/25/17"
"Adventure Time: Season 4: Burning Low","1/24/17"
"Adventure Time: Season 4: Sons of Mars","1/20/17"
"Adventure Time: Season 4: Card Wars","1/20/17"
"Adventure Time: Season 4: Princess Cookie","1/20/17"
"Adventure Time: Season 4: Gotcha!","1/15/17"
"Adventure Time: Season 4: Beyond This Earthly Realm","1/15/17"
"Adventure Time: Season 4: Goliad","1/15/17"
"Adventure Time: Season 4: Princess Monster Wife","1/15/17"
"Adventure Time: Season 4: Hug Wolf","1/15/17"
"Adventure Time: Season 4: Daddy's Little Monster","1/15/17"
"Adventure Time: Season 4: Return to the Nightosphere","1/7/17"
"Adventure Time: Season 4: Dream of Love","1/7/17"
"Adventure Time: Season 4: Five Short Graybles","1/7/17"
"Adventure Time: Season 4: Hot to the Touch","1/7/17"
"Regular Show: Season 4: Starter Pack","1/7/17"
"Family Guy: Season 13: The 2000-Year-Old Virgin","12/16/16"
"Family Guy: Season 13: Turkey Guys","12/16/16"
"Family Guy: Season 13: Brian the Closer","12/16/16"
"Family Guy: Season 13: Baking Bad","12/13/16"
"Pablo Escobar, el patrón del mal: Episode 1","12/4/16"
"Rick and Morty: Season 2: The Wedding Squanchers","12/4/16"
"Rick and Morty: Season 2: Look Who's Purging Now","12/4/16"
"Rick and Morty: Season 2: Interdimensional Cable 2: Tempting Fate","12/1/16"
"Rick and Morty: Season 2: Big Trouble in Little Sanchez","11/29/16"
"Rick and Morty: Season 2: The Ricks Must Be Crazy","11/29/16"
"Rick and Morty: Season 2: Get Schwifty","11/27/16"
"Rick and Morty: Season 2: Total Rickall","11/26/16"
"Rick and Morty: Season 2: Auto Erotic Assimilation","11/26/16"
"Rick and Morty: Season 2: Mortynight Run","11/26/16"
"Rick and Morty: Season 2: A Rickle in Time","11/25/16"
"Rick and Morty: Season 1: Ricksy Business","11/25/16"
"Scandal: Enemy of the State","11/20/16"
"Scandal: Hell Hath No Fury","11/20/16"
"Scandal: Dirty Little Secrets","11/20/16"
"Rick and Morty: Season 1: Close Rick-counters of the Rick Kind","11/13/16"
"Rick and Morty: Season 1: Something Ricked This Way Comes","11/13/16"
"The Wolf of Wall Street","11/11/16"
"The Matrix Reloaded","11/11/16"
"How I Met Your Mother: Season 9: Slapsgiving 3: Slappointment in Slapmarra","11/8/16"
"Rick and Morty: Season 1: Rixty Minutes","10/23/16"
"Rick and Morty: Season 1: Raising Gazorpazorp","10/23/16"
"Rick and Morty: Season 1: Rick Potion #9","10/23/16"
"Rick and Morty: Season 1: Meeseeks and Destroy","10/22/16"
"Rick and Morty: Season 1: M. Night Shaym-Aliens!","10/22/16"
"Rick and Morty: Season 1: Anatomy Park","10/22/16"
"Marvel's Luke Cage: Moment of Truth","10/22/16"
"How I Met Your Mother: Season 7: The Rebound Girl","9/15/16"
"How I Met Your Mother: Season 7: Tick Tick Tick","9/15/16"
"How I Met Your Mother: Season 7: Disaster Averted","9/15/16"
"How I Met Your Mother: Season 7: The Slutty Pumpkin Returns","9/15/16"
"How I Met Your Mother: Season 7: Noretta","9/15/16"
"How I Met Your Mother: Season 7: Mystery vs. History","9/15/16"
"Unsupervised: Pilot","9/11/16"
"Neighbors from Hell: Snorfindesdrillsalgoho","9/11/16"
"The Cleveland Show: Pilot","9/10/16"
"Family Guy: Season 13: Book of Joe","9/10/16"
"Family Guy: Season 13: The Simpsons Guy: Part 2","9/10/16"
"Family Guy: Season 13: The Simpsons Guy: Part 1","9/10/16"
"The Fresh Prince of Bel-Air: Homeboy, Sweet Homeboy","8/14/16"
"The Fresh Prince of Bel-Air: Not with My Pig, You Don't","8/14/16"
"The Fresh Prince of Bel-Air: Clubba Hubba","8/14/16"
"The Fresh Prince of Bel-Air: Bang the Drum, Ashley","8/14/16"
"The Fresh Prince of Bel-Air: The Fresh Prince Project","8/14/16"
"Cleanskin","8/14/16"
"Cosmos: A Spacetime Odyssey: Standing Up in the Milky Way","8/13/16"
"Better Call Saul: Season 2: Klick","8/5/16"
"Better Call Saul: Season 2: Nailed","8/5/16"
"Rosario Tijeras","7/31/16"
"Sex, Love and Therapy","7/31/16"
"Awake: The Life of Yogananda","7/30/16"
"Generation Iron","7/27/16"
"The Hunter","7/27/16"
"Django Unchained","7/27/16"
"Fighting","7/23/16"
"Limitless: Pilot","7/23/16"
"Narcos: Season 1: Descenso","7/23/16"
"Roadkill: El Paso to LA: The Hard Way!","7/23/16"
"La Reina del Sur: Season 1: Episode 63","7/19/16"
"La Reina del Sur: Season 1: Episode 62","7/18/16"
"La Reina del Sur: Season 1: Episode 61","7/18/16"
"La Reina del Sur: Season 1: Episode 60","7/18/16"
"La Reina del Sur: Season 1: Episode 59","7/18/16"
"La Reina del Sur: Season 1: Episode 58","7/16/16"
"La Reina del Sur: Season 1: Episode 57","7/16/16"
"La Reina del Sur: Season 1: Episode 56","7/14/16"
"La Reina del Sur: Season 1: Episode 55","7/14/16"
"Killer Elite","7/12/16"
"La Reina del Sur: Season 1: Episode 54","7/11/16"
"La Reina del Sur: Season 1: Episode 53","7/11/16"
"La Reina del Sur: Season 1: Episode 52","7/11/16"
"La Reina del Sur: Season 1: Episode 51","7/11/16"
"La Reina del Sur: Season 1: Episode 50","7/11/16"
"The Do-Over","7/9/16"
"La Reina del Sur: Season 1: Episode 49","7/8/16"
"La Reina del Sur: Season 1: Episode 48","7/8/16"
"La Reina del Sur: Season 1: Episode 47","7/7/16"
"La Reina del Sur: Season 1: Episode 46","7/7/16"
"Mr. Brooks","7/3/16"
"How I Met Your Mother: Season 3: Third Wheel","6/30/16"
"How I Met Your Mother: Season 3: We're Not From Here","6/30/16"
"How I Met Your Mother: Season 3: Wait for It","6/30/16"
"How I Met Your Mother: Season 2: Something Blue","6/30/16"
"How I Met Your Mother: Season 2: Something Borrowed","6/30/16"
"How I Met Your Mother: Season 2: Showdown","6/30/16"
"How I Met Your Mother: Season 2: Bachelor Party","6/30/16"
"How I Met Your Mother: Season 2: Moving Day","6/30/16"
"How I Met Your Mother: Season 2: Arrivederci, Fiero","6/30/16"
"Family Guy: Season 11: 200 Episodes Later","6/25/16"
"Family Guy: Season 9: German Guy","6/25/16"
"Family Guy: Season 9: Friends of Peter G","6/25/16"
"Family Guy: Season 9: And Then There Were Fewer Part 2","6/25/16"
"Family Guy: Season 9: And Then There Were Fewer Part 1","6/25/16"
"Public Enemies","6/25/16"
"The Purge","6/25/16"
"Better Call Saul: Season 2: Fifi","6/24/16"
"Better Call Saul: Season 2: Inflatable","6/23/16"
"Better Call Saul: Season 2: Bali Ha'i","6/17/16"
"Better Call Saul: Season 2: Rebecca","6/17/16"
"Better Call Saul: Season 2: Gloves Off","5/27/16"
"Family Guy: Season 12: Chap Stewie","5/27/16"
"Déjà Vu","5/26/16"
"The Manchurian Candidate","5/26/16"
"6 Bullets","5/25/16"
"Safe","5/25/16"
"2 Guns","5/25/16"
"John Wick","5/8/16"
"Soul Surfer","4/23/16"
"Green Lantern","4/22/16"
"The Robber","4/17/16"
"Family Guy: Season 12: He's Bla-Ack!","4/13/16"
"Family Guy: Season 12: Meg Stinks!","4/13/16"
"The Matrix Revolutions","4/3/16"
"Better Call Saul: Season 2: Amarillo","4/3/16"
"Family Guy: Season 12: Baby Got Black","4/1/16"
"Family Guy: Season 12: The Most Interesting Man in the World","4/1/16"
"Family Guy: Season 12: Harpe the Love Sore","4/1/16"
"Family Guy: Season 12: Secondhand Spoke","3/31/16"
"Family Guy: Season 12: Fresh Heir","3/31/16"
"Brooklyn Nine-Nine: Season 1: The Vulture","3/27/16"
"Brooklyn Nine-Nine: Season 1: M.E. Time","3/27/16"
"Better Call Saul: Season 2: Cobbler","3/27/16"
"Brooklyn Nine-Nine: Season 1: The Slump","3/26/16"
"Brooklyn Nine-Nine: Season 1: The Tagger","3/26/16"
"Brooklyn Nine-Nine: Season 1: Pilot","3/26/16"
"Family Guy: Season 12: 3 Acts of God","3/22/16"
"Family Guy: Season 12: Mom's the Word","3/22/16"
"Family Guy: Season 12: Brian's a Bad Father","3/22/16"
"Family Guy: Season 12: Grimm Job","3/17/16"
"Family Guy: Season 12: Peter Problems","3/13/16"
"Family Guy: Season 12: Christmas Guy","3/13/16"
"Family Guy: Season 12: Into Harmony's Way","3/13/16"
"Family Guy: Season 12: Life of Brian","3/13/16"
"Family Guy: Season 12: Boopa-Dee Bappa-Dee","3/11/16"
"Family Guy: Season 12: A Fistful of Meg","3/11/16"
"Family Guy: Season 12: Quagmire's Quagmire","3/11/16"
"Family Guy: Season 12: Vestigial Peter","3/10/16"
"Family Guy: Season 12: Finders Keepers","3/10/16"
"Family Guy: Season 11: No Country Club for Old Men","3/6/16"
"Family Guy: Season 11: Roads to Vegas","3/5/16"
"Family Guy: Season 11: Farmer Guy","3/5/16"
"Family Guy: Season 11: Save the Clam","3/4/16"
"Family Guy: Season 11: Total Recall","3/4/16"
"Family Guy: Season 11: Bigfat","3/4/16"
"Family Guy: Season 11: 12 and a Half Angry Men","2/28/16"
"Family Guy: Season 11: Turban Cowboy","2/28/16"
"Family Guy: Season 11: Call Girl","2/28/16"
"Family Guy: Season 11: Chris Cross","2/28/16"
"Family Guy: Season 11: Valentine's Day in Quahog","2/28/16"
"Family Guy: Season 11: The Giggity Wife","2/25/16"
"Family Guy: Season 11: Brian's Play","2/25/16"
"Family Guy: Season 11: Space Cadet","2/21/16"
"Family Guy: Season 11: Jesus, Mary and Jospeh!","2/21/16"
"Family Guy: Season 11: Friends Without Benefits","2/21/16"
"Better Call Saul: Season 1: Mijo","2/20/16"
"Better Call Saul: Season 2: Switch","2/20/16"
"Family Guy: Season 11: Lois Comes Out of Her Shell","2/13/16"
"Family Guy: Season 11: Joe's Revenge","2/13/16"
"Family Guy: Season 11: Yug Yilmaf","2/12/16"
"Family Guy: Season 11: The Old Man and the Big C","2/12/16"
"Family Guy: Season 11: Ratings Guy","2/1/16"
"Family Guy: Season 11: Into Fat Air","2/1/16"
"Family Guy: Season 10: Internal Affairs","1/31/16"
"Family Guy: Season 10: Family Guy Viewer Mail #2","1/31/16"
"Family Guy: Season 10: Tea Peter","1/20/16"
"Family Guy: Season 10: Leggo My Meg-O","1/20/16"
"The Vampire Diaries: Season 6: Because","1/20/16"
"The Vampire Diaries: Season 6: I Never Could Love Like That","1/20/16"
"Family Guy: Season 9: New Kidney in Town","1/20/16"
"Family Guy: Season 9: Excellence in Broadcasting","1/20/16"
"Family Guy: Season 10: Mr. and Mrs. Stewie","1/17/16"
"Family Guy: Season 10: You Can't Do That on Television, Peter","1/17/16"
"Family Guy: Season 10: Forget-Me-Not","1/17/16"
"Street Kings","1/10/16"
"Family Guy: Season 10: Killer Queen","1/9/16"
"Family Guy: Season 10: Burning Down the Bayit","1/9/16"
"Special Forces","12/29/15"
"Family Guy: Season 10: Be Careful What You Fish For","12/13/15"
"Home","12/11/15"
"Family Guy: Season 10: Tom Tucker: The Man and His Dream","12/6/15"
"Family Guy: Season 10: Livin' on a Prayer","12/5/15"
"Family Guy: Season 10: The Blind Side","12/5/15"
"Family Guy: Season 10: Quagmire and Meg","12/5/15"
"Family Guy: Season 10: Grumpy Old Man","12/5/15"
"Cheech & Chong's Up in Smoke","11/29/15"
"Family Guy: Season 10: Cool Hand Peter","11/29/15"
"Family Guy: Season 10: Amish Guy","11/29/15"
"Family Guy: Season 10: Thanksgiving","11/29/15"
"Family Guy: Season 10: Back to the Pilot","11/29/15"
"Family Guy: Season 10: Stewie Goes for a Drive","11/29/15"
"Family Guy: Season 10: Screams of Silence: The Story of Brenda Q","11/29/15"
"Family Guy: Season 10: Seahorse Seashell Party","11/29/15"
"Family Guy: Season 10: Lottery Fever","11/26/15"
"Family Guy: Season 9: It's a Trap","11/26/15"
"Family Guy: Season 9: Foreign Affairs","11/26/15"
"Family Guy: Season 9: The Big Bang Theory","11/26/15"
"Family Guy: Season 9: Brothers & Sisters","11/26/15"
"Family Guy: Season 9: Tiegs for Two","11/26/15"
"Family Guy: Season 9: Trading Places","11/26/15"
"The Nightmare Before Christmas","11/26/15"
"The Vampire Diaries: Season 6: Fade into You","11/23/15"
"Family Guy: Season 9: The Hand that Rocks the Wheelchair","11/22/15"
"The Vampire Diaries: Season 6: Do You Remember the First Time?","11/20/15"
"The Vampire Diaries: Season 6: The More You Ignore Me, the Closer I Get","11/20/15"
"The Vampire Diaries: Season 6: Yellow Ledbetter","11/20/15"
"Family Guy: Season 9: And I'm Joyce Kinney","11/13/15"
"THE MECHANIC","11/11/15"
"Family Guy: Season 9: Road to the North Pole Part 2","11/11/15"
"Family Guy: Season 9: Road to the North Pole Part 1","11/11/15"
"Family Guy: Season 9: Brian Writes a Bestseller","11/11/15"
"Family Guy: Season 9: Baby You Knock Me Out","11/11/15"
"Family Guy: Season 9: Halloween on Spooner Street","11/11/15"
"Family Guy: Season 9: Welcome Back Carter","11/11/15"
"The November Man","11/8/15"
"The Vampire Diaries: Season 5: Dead Man on Campus","9/29/15"
"The Vampire Diaries: Season 5: Death and the Maiden","9/29/15"
"The Vampire Diaries: Season 5: Handle With Care","9/29/15"
"The Vampire Diaries: Season 5: Monster's Ball","9/29/15"
"The Vampire Diaries: Season 5: For Whom the Bell Tolls","9/29/15"
"The Vampire Diaries: Season 4: American Gothic","9/19/15"
"The Vampire Diaries: Season 4: Because the Night","9/19/15"
"The Vampire Diaries: Season 4: Bring It On","9/19/15"
"The Losers","9/11/15"
"The Town","9/11/15"
"Takers","9/6/15"
"The Vampire Diaries: Season 4: The Five","8/29/15"
"The Vampire Diaries: Season 4: The Rager","8/29/15"
"The Vampire Diaries: Season 4: Memorial","8/28/15"
"The Vampire Diaries: Season 4: Growing Pains","8/28/15"
"The Vampire Diaries: Season 3: The Departed","8/27/15"
"The Vampire Diaries: Season 3: Before Sunset","8/27/15"
"The Vampire Diaries: Season 3: The Ties That Bind","8/18/15"
"The Vampire Diaries: Season 3: Our Town","8/18/15"
"The Vampire Diaries: Season 3: Homecoming","8/18/15"
"The Vampire Diaries: Season 3: Ordinary People","8/15/15"
"Jack Reacher","8/10/15"
"House of Cards: Season 1: Chapter 1","7/19/15"
"Bandits","7/17/15"
"Edge of Darkness","7/15/15"
"Tangled","7/8/15"
"Inglourious Basterds","7/7/15"
"DEATH NOTE: Death Note: Rebirth","7/7/15"
"Pineapple Express","7/1/15"
"Set Up","6/2/15"
"Transporter 2","5/30/15"
"The Transporter","5/28/15"
"The Expendables","5/28/15"
"Snatch","5/26/15"
"The Blacklist: Season 1: Pilot","5/26/15"
"The Walking Dead: Season 2: Beside the Dying Fire","5/22/15"
"The Walking Dead: Season 2: Better Angels","5/22/15"
"The Walking Dead: Season 2: Judge, Jury, Executioner","5/22/15"
"The Walking Dead: Season 2: 18 Miles Out","5/22/15"
"The Walking Dead: Season 2: Triggerfinger","5/20/15"
"The Walking Dead: Season 2: Nebraska","5/20/15"
"The Walking Dead: Season 2: Pretty Much Dead Already","5/20/15"
"The Walking Dead: Season 2: Secrets","5/18/15"
"The Walking Dead: Season 2: Chupacabra","5/18/15"
"The Walking Dead: Season 2: Cherokee Rose","5/18/15"
"Sex and the City 2","5/17/15"
"The Walking Dead: Season 2: Save the Last One","5/17/15"
"The Walking Dead: Season 2: Bloodletting","5/17/15"
"The Walking Dead: Season 2: What Lies Ahead","5/17/15"
"The Walking Dead: Season 1: TS-19","5/17/15"
"The Walking Dead: Season 1: Wildfire","5/17/15"
"The Walking Dead: Season 1: Vatos","5/17/15"
"The Walking Dead: Season 1: Tell It to the Frogs","5/16/15"
"The Walking Dead: Season 1: Guts","5/16/15"
"The Walking Dead: Season 1: Days Gone Bye","5/16/15"
"Better Call Saul: Season 1: Marco","5/11/15"
"Better Call Saul: Season 1: Pimento","5/11/15"
"Better Call Saul: Season 1: Rico","5/10/15"
"24: Season 2: 8:00 A.M. - 9:00 A.M.","5/10/15"
"24: 11:00 P.M. - 12:00 A.M.","5/10/15"
"24: 10:00 P.M. - 11:00 P.M.","5/9/15"
"24: 9:00 P.M. - 10:00 P.M.","5/9/15"
"24: 8:00 P.M. - 9:00 P.M.","5/6/15"
"24: 7:00 P.M. - 8:00 P.M.","5/5/15"
"24: 6:00 P.M. - 7:00 P.M.","5/5/15"
"24: 2:00 A.M. - 3:00 A.M.","5/5/15"
"24: 5:00 P.M. - 6:00 P.M.","5/5/15"
"The Walking Dead: Season 4: A","5/5/15"
"The Walking Dead: Season 4: Us","5/5/15"
"The Walking Dead: Season 4: The Grove","5/5/15"
"The Walking Dead: Season 4: Alone","4/29/15"
"The Walking Dead: Season 4: Still","4/29/15"
"24: 4:00 P.M. - 5:00 P.M.","4/29/15"
"Gone Baby Gone","4/28/15"
"Killers","4/28/15"
"This Is 40","4/28/15"
"24: 3:00 P.M. - 4:00 P.M.","4/25/15"
"24: 2:00 P.M. - 3:00 P.M.","4/25/15"
"The Walking Dead: Season 4: Claimed","4/23/15"
"Better Call Saul: Season 1: Bingo","4/17/15"
"24: 1:00 P.M. - 2:00 P.M.","4/16/15"
"24: 11:00 A.M. - 12:00 P.M.","4/16/15"
"24: 10:00 A.M. - 11:00 A.M.","4/14/15"
"24: 5:00 A.M. - 6:00 A.M.","4/14/15"
"24: 4:00 A.M. - 5:00 A.M.","4/11/15"
"24: 3:00 A.M. - 4:00 A.M.","4/10/15"
"24: 1:00 A.M. - 2:00 A.M.","4/9/15"
"24: Pilot","4/9/15"
"The Beaver","4/2/15"
"Get Rich or Die Tryin'","4/1/15"
"Notorious","3/30/15"
"Z Nation: Season 1: Puppies and Kittens","3/28/15"
"Resurrection: Insomnia","3/22/15"
"Resurrection: Us Against the World","3/22/15"
"Resurrection: Two Rivers","3/22/15"
"Resurrection: Unearth","3/22/15"
"Better Call Saul: Season 1: Five-O","3/19/15"
"Better Call Saul: Season 1: Alpine Shepherd Boy","3/16/15"
"Resurrection: Pilot","3/16/15"
"American Horror Story: Murder House: Pilot","3/16/15"
"Once Upon a Time: Season 2: Manhattan","3/16/15"
"Once Upon a Time: Season 2: Tiny","3/16/15"
"Once Upon a Time: Season 2: In the Name of the Brother","3/15/15"
"Green Street Hooligans 2","3/15/15"
"Green Street Hooligans","3/15/15"
"Shooter","3/15/15"
"Once Upon a Time: Season 2: The Outsider","3/13/15"
"Once Upon a Time: Season 2: The Cricket Game","3/5/15"
"Once Upon a Time: Season 2: Queen of Hearts","3/5/15"
"Once Upon a Time: Season 2: Into the Deep","3/5/15"
"Once Upon a Time: Season 2: Child of the Moon","3/5/15"
"Once Upon a Time: Season 2: Tallahassee","3/1/15"
"Once Upon a Time: Season 2: The Doctor","3/1/15"
"Looper","2/28/15"
"A Special Message","2/27/15"
"Better Call Saul: Season 1: Hero","2/27/15"
"Better Call Saul: Season 1: Nacho","2/27/15"
"Better Call Saul: Season 1: Uno","2/27/15"
"Once Upon a Time: Season 2: The Crocodile","2/26/15"
"Once Upon a Time: Season 2: Lady of the Lake","2/26/15"
"Bad Boys II","2/22/15"
"Once Upon a Time: Season 2: We Are Both","2/19/15"
"Once Upon a Time: Season 2: Broken","2/19/15"
"Once Upon a Time: A Land Without Magic","2/19/15"
"Once Upon a Time: An Apple Red as Blood","2/18/15"
"Once Upon a Time: The Stranger","2/18/15"
"Once Upon a Time: The Return","2/18/15"
"Once Upon a Time: The Stable Boy","2/18/15"
"Once Upon a Time: Hat Trick","2/17/15"
"Once Upon a Time: Heart of Darkness","2/17/15"
"Once Upon a Time: Red-Handed","2/17/15"
"Once Upon a Time: Dreamy","2/17/15"
"Once Upon a Time: What Happened to Frederick","2/15/15"
"Once Upon a Time: Skin Deep","2/15/15"
"Once Upon a Time: Fruit of the Poisonous Tree","2/14/15"
"Once Upon a Time: 7:15 A.M.","2/13/15"
"Once Upon a Time: True North","2/9/15"
"Once Upon a Time: Desperate Souls","2/9/15"
"Once Upon a Time: The Heart Is a Lonely Hunter","2/8/15"
"Once Upon a Time: The Shepherd","2/8/15"
"Once Upon a Time: That Still Small Voice","2/6/15"
"Once Upon a Time: The Price of Gold","2/6/15"
"Modern Family: Run for Your Wife","1/31/15"
"Modern Family: Coal Digger","1/31/15"
"Modern Family: The Incident","1/31/15"
"Modern Family: Come Fly with Me","1/31/15"
"Modern Family: The Bicycle Thief","1/30/15"
"Modern Family: Pilot","1/30/15"
"Prison Break: Season 4: The Final Break","1/30/15"
"Prison Break: Season 4: Killing Your Number","1/30/15"
"Prison Break: Season 4: Rate of Exchange","1/30/15"
"Dexter: Crocodile","1/29/15"
"Dexter: Dexter","1/27/15"
"The Killing (Trailer)","1/27/15"
"Desperate Housewives: Season 8: Finishing the Hat","1/27/15"
"Desperate Housewives: Season 8: Give Me the Blame","1/26/15"
"Desperate Housewives: Season 8: The People Will Hear","1/25/15"
"Desperate Housewives: Season 8: Lost My Power","1/25/15"
"Desperate Housewives: Season 8: With So Little to Be Sure Of","1/25/15"
"Desperate Housewives: Season 8: Any Moment","1/24/15"
"Desperate Housewives: Season 8: Women and Death","1/24/15"
"Desperate Housewives: Season 8: You Take for Granted","1/23/15"
"Desperate Housewives: Season 8: She Needs Me","1/23/15"
"Desperate Housewives: Season 8: Get Out of My Life","1/23/15"
"Desperate Housewives: Season 8: What's to Discuss, Old Friend?","1/23/15"
"Desperate Housewives: Season 8: Putting It Together","1/20/15"
"Desperate Housewives: Season 8: Suspicion Song","1/20/15"
"Desperate Housewives: Season 8: Always in Control","1/19/15"
"Desperate Housewives: Season 8: Witch's Lament","1/15/15"
"Desperate Housewives: Season 8: The Art of Making Art","1/15/15"
"Desperate Housewives: Season 8: School of Hard Knocks","1/15/15"
"Desperate Housewives: Season 8: Making the Connection","1/15/15"
"Desperate Housewives: Season 8: Secrets That I Never Wanted to Know","1/13/15"
"Desperate Housewives: Season 7: Come on Over for Dinner","1/13/15"
"Desperate Housewives: Season 7: And Lots of Security..","1/13/15"
"Desperate Housewives: Season 7: Then I Really Got Scared","1/13/15"
"Desperate Housewives: Season 7: I'll Swallow Poison on Sunday","1/12/15"
"Desperate Housewives: Season 7: The Lies Ill-Concealed","1/12/15"
"Desperate Housewives: Season 7: Everything's Different, Nothing's Changed","1/12/15"
"Desperate Housewives: Season 7: Searching","1/10/15"
"Desperate Housewives: Season 7: Farewell Letter","1/10/15"
"Desperate Housewives: Season 7: Flashback","1/10/15"
"Desperate Housewives: Season 7: Down the Block There's a Riot","1/10/15"
"The Ropes: A Name in Vain / Many Not / As Much as Possible","1/3/15"
"The Ropes: Meet the Boys / Interrogation / Bottles and Models","1/3/15"
"Before the Devil Knows You're Dead","1/3/15"
"Training Day","1/3/15"
"Prison Break: Season 4: Cowboys & Indians","12/28/14"
"Prison Break: Season 4: S.O.B.","12/28/14"
"Prison Break: Season 4: Versus","12/28/14"
"Transporter: The Series: Trojan Horsepower","12/24/14"
"A Man Apart","12/24/14"
"The Walking Dead: Season 4: Inmates","12/15/14"
"The Walking Dead: Season 4: After","12/14/14"
"The Walking Dead: Season 4: Too Far Gone","12/14/14"
"The Walking Dead: Season 4: Dead Weight","12/14/14"
"The Walking Dead: Season 4: Live Bait","12/13/14"
"The Walking Dead: Season 4: Internment","12/13/14"
"The Walking Dead: Season 4: Indifference","12/13/14"
"The Walking Dead: Season 4: Isolation","12/13/14"
"The Walking Dead: Season 4: 30 Days Without an Accident","12/13/14"
"Lawless","12/10/14"
"Pain & Gain","12/10/14"
"Prison Break: Season 4: The Mother Lode","12/8/14"
"Prison Break: Season 4: The Sunshine State","12/8/14"
"Prison Break: Season 4: Going Under","12/8/14"
"Prison Break: Season 4: Just Business","12/8/14"
"Prison Break: Season 4: Deal or No Deal","12/8/14"
"Prison Break: Season 4: Selfless","12/8/14"
"Prison Break: Season 4: Quiet Riot","12/8/14"
"Prison Break: Season 4: The Legend","12/8/14"
"The Art of War II: Betrayal","12/8/14"
"Bourne: L'heritage","12/8/14"
"Black Hawk Down","12/7/14"
"Battle: Los Angeles","12/6/14"
"El señor de los Cielos: Arranca la balacera","12/6/14"
"El Chavo: Los animales que pegan","12/6/14"
"El Chavo: El Desayuno","12/6/14"
"Desperate Housewives: Season 6: Careful the Things You Say","12/3/14"
"Desperate Housewives: Season 6: Don't Walk on the Grass","12/3/14"
"Desperate Housewives: Season 6: Everybody Ought to Have a Maid","12/3/14"
"Desperate Housewives: Season 6: The God-Why-Don't-You-Love-Me Blues","12/3/14"
"Desperate Housewives: Season 6: Never Judge a Lady by Her Lover","12/2/14"
"Tears of the Sun","12/1/14"
"Desperate Housewives: Season 6: Being Alive","12/1/14"
"Desperate Housewives: Season 6: Nice Is Different than Good","12/1/14"
"Desperate Housewives: Season 5: If It's Only In Your Head","11/30/14"
"Desperate Housewives: Season 5: Everybody Says Don't","11/30/14"
"Desperate Housewives: Season 5: Marry Me a Little","11/30/14"
"50 First Dates","11/29/14"
"Desperate Housewives: Season 5: Bargaining","11/28/14"
"Desperate Housewives: Season 5: Rose's Turn","11/28/14"
"Desperate Housewives: Season 5: A Spark. To Pierce the Dark","11/28/14"
"Prison Break: Season 4: Greatness Achieved","11/27/14"
"Prison Break: Season 4: The Price","11/27/14"
"Prison Break: Season 4: Five the Hard Way","11/27/14"
"Prison Break: Season 4: Blow Out","11/27/14"
"Prison Break: Season 4: Safe & Sound","11/27/14"
"Desperate Housewives: Season 5: The Story of Lucy and Jessie","11/26/14"
"Desperate Housewives: Season 5: Crime Doesn't Pay","11/26/14"
"Desperate Housewives: Season 5: In a World Where the Kings Are Employers","11/23/14"
"Desperate Housewives: Season 5: Mama Spent Money When She Had None","11/23/14"
"Desperate Housewives: Season 5: The Best Thing That Ever Could Have Happened","11/21/14"
"Desperate Housewives: Season 5: Kids Ain't Like Everybody Else","11/21/14"
"Do or Die: Shark Attack!","11/20/14"
"Inside Cocaine Wars: Narco Sub Mystery","11/20/14"
"Inside Cocaine Wars: Drug Speedboats","11/20/14"
"Prison Break: Season 4: Eagles & Angels","11/19/14"
"Safe House","11/17/14"
"Contraband","11/17/14"
"Inside Cocaine Wars: Drug Mules","11/15/14"
"Inside Cocaine Wars: Airport Sting","11/15/14"
"Prison Break: Season 4: Shut Down","11/12/14"
"Prison Break: Season 4: Breaking & Entering","11/12/14"
"Prison Break: Season 4: Scylla","11/12/14"
"Prison Break: Season 3: The Art of the Deal","11/12/14"
"Prison Break: Season 3: Hell or High Water","11/12/14"
"Prison Break: Season 3: Under & Out","11/11/14"
"Prison Break: Season 3: Dirt Nap","11/11/14"
"Prison Break: Season 3: Boxed In","11/11/14"
"Prison Break: Season 3: Bang and Burn","11/11/14"
"Prison Break: Season 3: Vamonos","11/11/14"
"Prison Break: Season 3: Photo Finish","11/10/14"
"Prison Break: Season 3: Interference","11/6/14"
"Prison Break: Season 3: Good Fences","11/6/14"
"Prison Break: Season 3: Call Waiting","11/5/14"
"Prison Break: Season 3: Fire / Water","11/5/14"
"Prison Break: Season 3: Orientación","11/5/14"
"House, M.D.: Season 8: Everybody Dies","11/5/14"
"Desperate Housewives: Season 5: We're So Happy You're So Happy","11/5/14"
"Desperate Housewives: Season 5: You're Gonna Love Tomorrow","11/5/14"
"Desperate Housewives: Season 4: Free","11/4/14"
"Desperate Housewives: Season 4: The Gun Song","11/4/14"
"Desperate Housewives: Season 4: Mother Said","11/3/14"
"Desperate Housewives: Season 4: Opening Doors","11/3/14"
"Desperate Housewives: Season 4: Hello, Little Girl","11/3/14"
"Desperate Housewives: Season 4: In Buddy's Eye's","11/2/14"
"Desperate Housewives: Season 4: Sunday","11/2/14"
"God's Not Dead","11/2/14"
"Desperate Housewives: Season 4: Welcome to Kanagawa","11/2/14"
"Desperate Housewives: Season 4: Something's Coming","11/2/14"
"Desperate Housewives: Season 4: Distant Past","11/1/14"
"Prison Break: Season 2: Sona","11/1/14"
"Prison Break: Season 2: Fin del Camino","10/31/14"
"Prison Break: Season 2: Panama","10/31/14"
"Prison Break: Season 2: Sweet Caroline","10/31/14"
"Prison Break: Season 2: Wash","10/31/14"
"Prison Break: Season 2: Bad Blood","10/31/14"
"Desperate Housewives: Season 4: You Can't Judge a Book by Its Cover","10/30/14"
"Desperate Housewives: Season 4: Now I Know, Don't Be Scared","10/30/14"
"Desperate Housewives: Season 4: Art Isn't Easy","10/30/14"
"Prison Break: Season 2: Chicago","10/30/14"
"Prison Break: Season 2: The Message","10/30/14"
"Desperate Housewives: Season 4: If There's Anything I Can't Stand","10/27/14"
"Desperate Housewives: Season 4: The Game","10/27/14"
"Desperate Housewives: Season 3: Into the Woods","10/27/14"
"Prison Break: Season 2: John Doe","10/26/14"
"Prison Break: Season 2: The Killing Box","10/26/14"
"Prison Break: Season 2: Disconnect","10/26/14"
"Prison Break: Season 2: Bolshoi Booze","10/25/14"
"Prison Break: Season 2: Rendezvous","10/25/14"
"Prison Break: Season 2: Unearthed","10/24/14"
"Desperate Housewives: Season 3: Gossip","10/24/14"
"Desperate Housewives: Season 3: God, That's Good","10/24/14"
"Desperate Housewives: Season 3: Liaisons","10/24/14"
"Desperate Housewives: Season 3: Dress Big","10/24/14"
"Desperate Housewives: Season 3: My Husband, the Pig","10/23/14"
"Desperate Housewives: Season 3: I Remember That","10/20/14"
"Desperate Housewives: Season 3: Come Play Wiz Me","10/20/14"
"Desperate Housewives: Season 3: Not While I'm Around","10/20/14"
"Prison Break: Season 2: Dead Fall","10/18/14"
"Prison Break: Season 2: Buried","10/18/14"
"Prison Break: Season 2: Subdivision","10/18/14"
"Prison Break: Season 2: Map 1213","10/18/14"
"Prison Break: Season 2: First Down","10/18/14"
"Prison Break: Season 2: Scan","10/18/14"
"Prison Break: Season 2: Otis","10/18/14"
"Prison Break: Season 2: Manhunt","10/18/14"
"Desperate Housewives: Season 3: No Fits, No Fights, No Feuds","10/18/14"
"Prison Break: Flight","10/18/14"
"Prison Break: Go","10/18/14"
"Prison Break: Tonight","10/18/14"
"Prison Break: The Key","10/17/14"
"Prison Break: Bluff","10/17/14"
"Prison Break: J-Cat","10/17/14"
"Desperate Housewives: Season 3: The Miracle Song","10/17/14"
"Desperate Housewives: Season 3: Beautiful Girls","10/17/14"
"Desperate Housewives: Season 3: Children and Art","10/16/14"
"Desperate Housewives: Season 3: Bang","10/16/14"
"Desperate Housewives: Season 3: Sweetheart, I Have to Confess","10/16/14"
"Prison Break: Brother's Keeper","10/14/14"
"Desperate Housewives: Season 3: Nice She Ain't","10/14/14"
"Desperate Housewives: Season 3: Like It Was","10/14/14"
"Desperate Housewives: Season 3: A Weekend in the Country","10/12/14"
"Desperate Housewives: Season 3: It Takes Two","10/12/14"
"Desperate Housewives: Season 3: Listen to the Rain on the Roof","10/12/14"
"Desperate Housewives: Season 2: Remember: Part 2","10/11/14"
"Desperate Housewives: Season 2: Remember: Part 1","10/11/14"
"Desperate Housewives: Season 2: No One Is Alone","10/11/14"
"Desperate Housewives: Season 2: I Know Things Now","10/11/14"
"Desperate Housewives: Season 2: It Wasn't Meant to Happen","10/10/14"
"Desperate Housewives: Season 2: Don't Look At Me","10/10/14"
"Desperate Housewives: Season 2: Everybody Says Don't","10/8/14"
"Desperate Housewives: Season 2: Could I Leave You?","10/7/14"
"Desperate Housewives: Season 2: There Is No Other Way","10/6/14"
"Desperate Housewives: Season 2: Thank You So Much","9/29/14"
"Desperate Housewives: Season 2: Silly People","9/29/14"
"Desperate Housewives: Season 2: There's Something About a War","9/29/14"
"Desperate Housewives: Season 2: We're Gonna Be All Right","9/26/14"
"Desperate Housewives: Season 2: One More Kiss","9/25/14"
"Desperate Housewives: Season 2: Coming Home","9/25/14"
"Desperate Housewives: Season 2: That's Good, That's Bad","9/25/14"
"Desperate Housewives: Season 2: The Sun Won't Set","9/24/14"
"Desperate Housewives: Season 2: Color and Light","9/21/14"
"Desperate Housewives: Season 2: I Wish I Could Forget You","9/21/14"
"Desperate Housewives: Season 2: They Asked Me Why I Believe In You","9/19/14"
"Desperate Housewives: Season 2: My Heart Belongs To Daddy","9/19/14"
"Desperate Housewives: Season 2: You'll Never Get Away from Me","9/19/14"
"Desperate Housewives: Season 2: You Could Drive a Person Crazy","9/18/14"
"Prison Break: By the Skin and the Teeth","8/31/14"
"Prison Break: The Rat","8/31/14"
"Prison Break: End of the Tunnel","8/31/14"
"Prison Break: Odd Man Out","8/31/14"
"Prison Break: And Then There Were 7","8/31/14"
"Prison Break: Sleight of Hand","8/31/14"
"Prison Break: Tweener","8/31/14"
"Desperate Housewives: Love Is in the Air","8/27/14"
"Desperate Housewives: Your Fault","8/27/14"
"Desperate Housewives: Pilot","8/27/14"
"Prison Break: The Old Head","8/21/14"
"Drawn Together: The Other Cousin","8/17/14"
"Prison Break: Riots, Drills and the Devil: Part 2","8/15/14"
"Prison Break: Riots, Drills and the Devil: Part 1","8/15/14"
"Prison Break: English, Fitz or Percy","8/15/14"
"Prison Break: Cute Poison","8/14/14"
"Prison Break: Cell Test","7/12/14"
"Prison Break: Allen","7/1/14"
"Prison Break: Pilot","7/1/14"
"S.W.A.T.: Firefight","6/12/14"
"Cheech & Chong's Next Movie","6/12/14"
"21 & Over","6/11/14"
"The Last Stand","6/11/14"
"Courage the Cowardly Dog: Season 3: Muriel Meets Her Match / Courage vs. Mecha-Courage","6/11/14"
"Adventureland","6/11/14"
"Top Gear: Series 5: Episode 4","6/9/14"
"Top Gear: Series 5: Episode 1","6/9/14"
"Dead Man Down","6/9/14"
"Redemption","6/8/14"
"Cocaine Cowboys Reloaded","6/8/14"
"The Expendables 2","6/7/14"
"The Italian Job","6/7/14"
"Sons of Anarchy: Seeds","6/5/14"
"Weeds: Season 8: It's Time: Part 2","6/4/14"
"Weeds: Season 8: It's Time","6/4/14"
"Weeds: Season 8: God Willing and the Creek Don't Rise","6/4/14"
"Weeds: Season 8: Threshold","6/4/14"
"Weeds: Season 8: Saplings","6/4/14"
"Ticking Clock","5/24/14"
"Breaking Bad: Season 5: Felina","5/20/14"
"Sons of Anarchy: Pilot","5/14/14"
"RED","5/1/14"
"Stand Up Guys","4/21/14"
"No Strings Attached","4/20/14"
"Middle Men","4/20/14"
"You're Next","4/16/14"
"The Marksman","4/16/14"
"Lord of War","4/12/14"
"Seeking Justice","4/11/14"
"The Book of Eli","4/5/14"
"Jarhead","4/2/14"
"7 Seconds","4/2/14"
"The Prey","4/2/14"
"The Keeper","4/2/14"
"American Beauty","3/13/14"
"Weeds: Season 7: Do Her/Don't Do Her","3/7/14"
"Weeds: Season 7: Qualitative Spatial Reasoning","3/7/14"
"Weeds: Season 7: Une Mère Que J'aimerais Baiser","3/7/14"
"Trailer 2: Hemlock Grove","3/2/14"
"21","2/28/14"
"The Prestige","2/28/14"
"Assassination Games","1/25/14"
"Johnny English Reborn","1/19/14"
"From Paris with Love","1/19/14"
"Weeds: Season 7: System Overhead","1/11/14"
"Weeds: Season 7: Cats! Cats! Cats!","1/11/14"
"Weeds: Season 7: Synthetics","1/11/14"
"Weeds: Season 7: Vehement vs. Vigorous","1/11/14"
"Weeds: Season 7: Object Impermanence","1/11/14"
"Weeds: Season 7: Fingers-Only Meat Banquet","1/11/14"
"Weeds: Season 7: A Hole in Her Niqab","1/10/14"
"Weeds: Season 7: Game-Played","1/9/14"
"Weeds: Season 7: From Trauma Cometh Something","1/8/14"
"Weeds: Season 7: Bags","1/8/14"
"Weeds: Season 6: Theoretical Love is Not Dead","1/8/14"
"Weeds: Season 6: Fran Tarkenton","1/8/14"
"Weeds: Season 6: Viking Pride","1/8/14"
"Weeds: Season 6: Dearborn-Again","1/8/14"
"Weeds: Season 5: Glue","1/4/14"
"Weeds: Season 5: Ducks and Tigers","1/4/14"
"Weeds: Season 5: Perro Insano","1/4/14"
"Weeds: Season 5: Suck 'n' Spit","1/4/14"
"Weeds: Season 5: A Distinctive Horn","1/4/14"
"Weeds: Season 4: Head Cheese","12/29/13"
"Weeds: Season 4: The Love Circle Overlap","12/29/13"
"Weeds: Season 4: Little Boats","12/29/13"
"Weeds: Season 4: I Am the Table","12/29/13"
"Bridesmaids","12/28/13"
"Weeds: Season 4: Yes I Can","12/28/13"
"Weeds: Season 4: Excellent Treasures","12/28/13"
"Weeds: Season 4: No Man Is Pudding","12/27/13"
"Weeds: Season 4: The Three Coolers","12/27/13"
"Weeds: Season 4: The Whole Blah Damn Thing","12/26/13"
"Weeds: Season 4: Lady's a Charm","12/25/13"
"Weeds: Season 4: Mother Thinks the Birds Are After Her","12/25/13"
"Weeds: Season 3: Go","12/25/13"
"Weeds: Season 3: Protection","12/25/13"
"Weeds: Season 3: Risk","12/24/13"
"Weeds: Season 3: The Dark Time","12/24/13"
"Weeds: Season 3: Cankles","12/23/13"
"Weeds: Season 3: Roy Till Called","12/23/13"
"Family Guy: Season 8: Hannah Banana","12/22/13"
"Family Guy: Season 8: Brian's Got a Brand New Bag","12/22/13"
"Family Guy: Season 8: Spies Reminiscent of Us","12/22/13"
"Family Guy: Season 8: Family Goy","12/22/13"
"Family Guy: Season 8: Road to Multiverse","12/22/13"
"Spy Game","12/16/13"
"The Substitute","12/15/13"
"Snitch","12/15/13"
"City of God","12/12/13"
"Miami Vice","12/12/13"
"Mr. Deeds","12/12/13"
"Grown Ups","12/12/13"
"Felon","11/24/13"
"Stephen King's Bag of Bones: Part I","11/19/13"
"Scandal: Sweet Baby","11/19/13"
"Traitor","11/17/13"
"Good Luck Chuck","11/14/13"
"Chernobyl Diaries","11/14/13"
"Land of the Dead","11/9/13"
"Weeds: Season 3: Release the Hounds","11/8/13"
"Weeds: Season 3: The Two Mrs. Scottsons","11/8/13"
"Inside Man","11/3/13"
"La Reina del Sur: Season 1: Episode 1","11/1/13"
"The Whistleblower","10/24/13"
